CAMINHO;MACRO;ROBO;HORA
J:\Ferramenta BK\Ferramenta_BackOffice.xlsm;!BASES;GARVIS;04:03:04
J:\Ferramenta_Tracking\Ferramenta_Tracking.xlsm;!ATUALIZAR_TUDO;GARVIS;03:56:37
M:\Gestao_Analitica\Cristiane\Ruptura_229_255\Ruptura_Lojas_Especiais.xlsm;!AtualizarBases;GARVIS;08:09:30
M:\Gestao_Analitica\Relatorios (Alisson)\Projetos\000_BASES\009_MB51\000_BASE_SAP\001_MB51.xlsm;!ATUALIZAR_TUDO;GARVIS;09:50:00
M:\Gestao_Analitica\Relatorios (Alisson)\Projetos\000_BASES\010_ZTMM042_MI20\000_BASE_SAP\001_ZTTM042.xlsm;!ATUALIZAR_TUDO;GARVIS;10:10:05
M:\Gestao_Analitica\Relatorios (Alisson)\Projetos\000_BASES\010_ZTMM042_MI20\000_BASE_SAP\002_MI20.xlsm;!ATUALIZAR_TUDO;GARVIS;10:56:10
M:\Gestao_Analitica\Relatorios (Alisson)\Projetos\000_BASES\011_SANGRIAS\000_AJUSTE\Ajust_BD_Sangiras.xlsm;!ATUALIZAR_TUDO;GARVIS;05:39:01
M:\Gestao_Analitica\Relatorios (Alisson)\Projetos\000_BASES\012_TEMPOS\001_SYNTAX\Ajust_BD_Tempos.xlsm;!ATUALIZAR_TUDO;GARVIS;02:33:09
M:\Gestao_Analitica\Relatorios (Alisson)\Projetos\000_BASES\015_MIGO_MIRO\000_BASE_SAP\001_MIGO_MIRO.xlsm;!ATUALIZAR_TUDO;GARVIS;10:02:48
M:\Gestao_Analitica\Relatorios (Alisson)\Projetos\001_Logistica\003_Dashboard\001_Base_SAP_Dash.xlsm;!ATUALIZAR_TUDO;GARVIS;09:24:00
M:\Gestao_Analitica\Relatorios (Alisson)\Projetos\001_Logistica\003_Dashboard\001_Base_SAP_Dash.xlsm;!ATUALIZA_GOOGLEDOCS;GARVIS;17:12:42
M:\Gestao_Analitica\Relatorios (Alisson)\Projetos\001_Logistica\004_NS_Assistencia\001_NS_Assistencia.xlsm;!ATUALIZAR_TUDO;GARVIS;11:27:13
M:\Gestao_Analitica\Relatorios (Alisson)\Projetos\001_Logistica\004_NS_Assistencia\002_NS_Assistencia_Comerciais.xlsm;!ATUALIZAR_TUDO;GARVIS;08:27:46
M:\Gestao_Analitica\Relatorios (Alisson)\Projetos\001_Logistica\006_Relatorio_Agenda_CDs\001_Relatorio_Agenda_CDs.xlsm;!ATUALIZAR_TUDO;GARVIS;18:11:16
M:\Gestao_Analitica\Relatorios (Alisson)\Projetos\001_Logistica\007_Dashboard_CD1\001_Base_SAP_Dash_CD1.xlsm;!ATUALIZAR_BASES_2;GARVIS;17:27:14
M:\Gestao_Analitica\Relatorios (Alisson)\Projetos\001_Logistica\007_Dashboard_CD1\001_Base_SAP_Dash_CD1.xlsm;!ATUALIZAR_TUDO;GARVIS;10:26:17
M:\Gestao_Analitica\Relatorios (Alisson)\Projetos\005_Operacoes\002_Contagem_Fluxo\007_Expurgos\Expurgos_Cont_Flux.xlsb;!Atualizar_Base;GARVIS;10:49:27
M:\Gestao_Analitica\Relatorios (Alisson)\Projetos\005_Operacoes\002_Contagem_Fluxo\CONTAGEM_FLUXO.xlsm;!ATUALIZAR_TUDO;GARVIS;00:10:57
M:\Gestao_Analitica\Relatorios (Alisson)\Projetos\005_Operacoes\003_Book_Gerentes\Book_Gerentes.xlsm;!MESTRA;GARVIS;01:01:02
M:\Gestao_Analitica\Relatorios (Alisson)\Projetos\005_Operacoes\005_Gestor_Contatos\ACOMPANHAMENTO_GESTOR.xlsm;!ATUALIZAR_TUDO;GARVIS;04:04:20
M:\Gestao_Analitica\Relatorios (Alisson)\Projetos\005_Operacoes\006_PGTO_Horas_Extras\PGTO_HORAS_EXTRAS.xlsm;!ATUALIZAR_TUDO;GARVIS;10:22:10
M:\Gestao_Analitica\Relatorios (Alisson)\Projetos\005_Operacoes\007_Desligamentos\001_Diario\Desligamentos_Dia.xlsm;!MESTRE;GARVIS;10:48:07
M:\Gestao_Analitica\Relatorios (Alisson)\Projetos\005_Operacoes\008_Cronograma_dos_Regionais\Cronograma_Visitas.xlsm;!MASTER;GARVIS;13:01:53
M:\Gestao_Analitica\Relatorios (Alisson)\Projetos\006_Cobranca\002_Base_Colaboradores_Ativos\Gera_Base_Colaboradores_Ativos.xlsm;!ATUALIZA;GARVIS;01:07:05
M:\Gestao_Analitica\Relatorios (Alisson)\Projetos\007_Desenvolvimento_Humano\Faturamento_Filial\001_Faturamento.xlsm;!ATUALIZAR_TUDO;GARVIS;14:07:56
M:\Gestao_Analitica\Relatorios (Alisson)\Projetos\009_MIS\D_ACOMPANHAMENTO_REDE\Acompanhamento_Testes_Rede.xlsm;!ATUALIZAR_TUDO;GARVIS;23:39:25
M:\Gestao_Analitica\Relatorios (Alisson)\Projetos\010_CRM\001_AJUSTA_ARQUIVO\AJUSTAR_BASEQQ.xlsm;!ATUALIZAR_TUDO;GARVIS;00:57:00
M:\Gestao_Analitica\Relatorios (Alisson)\Projetos\Acompanhamento Metas\Acompanhamento_Metas.xlsm;!MESTRO;GARVIS;08:27:55
M:\Gestao_Analitica\Relatorios (Alisson)\Projetos\Alerta F本ias\ALERTA_FERIAS_RPs.xlsm;!MESTRA;GARVIS;05:58:04
M:\Gestao_Analitica\Relatorios (Alisson)\Projetos\Analise_Entrega_VL10E\Analise_Entrega_VL10E.xlsm;!MESTRE;GARVIS;09:32:38
M:\Gestao_Analitica\Relatorios (Alisson)\Projetos\Checklist Regionais\CheckList_Regionais.xlsm;!MESTRE;GARVIS;01:39:47
M:\Gestao_Analitica\Relatorios (Alisson)\Projetos\Entrega\20 Maiores\20_MaioresPedidos.xlsm;!MESTRE;GARVIS;12:10:49
M:\Gestao_Analitica\Relatorios (Alisson)\Projetos\Entrega\Base Pedidos\PEDIDOS_COMPILADOR.xlsm;!ATUALIZACAO;GARVIS;06:15:43
M:\Gestao_Analitica\Relatorios (Alisson)\Projetos\Entrega\Relatorio_Producao_vs_Faturamento.xlsm;!MESTRA;GARVIS;09:19:34
M:\Gestao_Analitica\Relatorios (Alisson)\Projetos\Gap Producao vs Entrega\GAP_PRODUCAO_vs_FATURAMENTO.xlsm;!MESTRE;GARVIS;06:13:25
M:\Gestao_Analitica\Relatorios (Alisson)\Projetos\Gestao Diaria\Gestao_Diaria_VMaisEPMais.xlsm;!ATUALIZAR_TUDO;GARVIS;07:44:34
M:\Gestao_Analitica\Relatorios (Alisson)\Projetos\Localiza Compra\LOCALIZA_COMPRA.xlsm;!ATUALIZAR;GARVIS;00:44:43
M:\Gestao_Analitica\Relatorios (Alisson)\Projetos\Mailing\Diario\02_Mailing_SemBloq.xlsm;!MESTRE;GARVIS;06:24:15
M:\Gestao_Analitica\Relatorios (Alisson)\Projetos\Mailing\Diario\04_Envio.xlsm;!ENVIO;GARVIS;08:51:00
M:\Gestao_Analitica\Relatorios (Alisson)\Projetos\Mesa_de_Negocios\20_Maiores_Pedidos_Cancelados\Base\00_BASE_PEDIDOS.xlsm;!MESTRE;GARVIS;06:20:34
M:\Gestao_Analitica\Relatorios (Alisson)\Projetos\Mesa_de_Negocios\Pedidos_Cancelados_Resumo_Conversao\00_BASE.xlsm;!ATUALIZAR_TUDO;GARVIS;00:33:48
M:\Gestao_Analitica\Relatorios (Alisson)\Projetos\Mesa_de_Negocios\Pedidos_Cancelados_Resumo_Conversao\00_BASE.xlsm;!MESTRE;GARVIS;06:32:53
M:\Gestao_Analitica\Relatorios (Alisson)\Projetos\Mesa_de_Negocios\Pedidos_Cancelados_Resumo_Conversao\00_BASE_DIARIA.xlsm;!MESTRE;GARVIS;06:52:05
M:\Gestao_Analitica\Relatorios (Alisson)\Projetos\Ruptura\Bases\ZTMMDMO_BASE.xlsm;!BASE_SAP;GARVIS;12:13:47
M:\Gestao_Analitica\Relatorios (Alisson)\Projetos\Venda Diaria\001_Virada_Mes.xlsm;!ATUALIZAR_TUDO;GARVIS;21:11:44
M:\Gestao_Analitica\Relatorios (Alisson)\Quero-Quero\Quadro ADP - Atual\Bases Ativos\TratarBases.xlsm;!ATUALIZAR_TUDO;GARVIS;02:07:59
M:\Gestao_Analitica\Relatorios (Alisson)\Quero-Quero\Quadro ADP - Atual\CAD_FUNC\AJUSTE_CAD_FUNC_BASE.xlsm;!MESTRE;GARVIS;05:21:36
M:\Gestao_Analitica\Relatorios (Alisson)\Quero-Quero\Rotina Copias\Mover Bases\BAT_MOV_BASES.xlsm;!EXEC;GARVIS;07:34:54
M:\Gestao_Analitica\Relatorios (Alisson)\Quero-Quero\Rotina Copias\ROTINA.xlsm;!MESTRE;GARVIS;06:00:21
M:\MIS\001_GESTAO-MIS\000_TEMPORIZADOR\007_CONTROLE_EXECUCAO\CONTROLE_EXECUCAO.xlsb;!ATUALIZAR_TUDO;JARVIS;23:37:32
M:\MIS\001_GESTAO-MIS\001_CONTROLE-BASES_TI_VD\CONTROLE_BASES_TI_VD.xlsb;!ATUALIZAR_TUDO;JARVIS;23:19:05
M:\MIS\001_GESTAO-MIS\009_CONTROLE-BASES_CRM\CONTROLE_BASES_CRM.xlsb;!ATUALIZAR_TUDO;JARVIS;22:42:05
M:\MIS\002_ESTRUTURAS\000_ARQUIVOS_SF\ARQUIVOS_SF.xlsb;!ATUALIZAR_TUDO;JARVIS;07:27:16
M:\MIS\002_ESTRUTURAS\000_ARQUIVOS_SF\ARQUIVOS_SF.xlsb;!ATUALIZAR_TUDO_CSV;JARVIS;06:49:15
M:\MIS\002_ESTRUTURAS\000_BASE-LOJAS-GERENTES\MOVER_BASE_GERENTES.xlsb;!ATUALIZAR_TUDO;JARVIS;01:31:37
M:\MIS\002_ESTRUTURAS\000_BASES_EMAIL\ROTINA_EMAIL.xlsb;!ATUALIZAR_TUDO;JARVIS;23:40:54
M:\MIS\002_ESTRUTURAS\000_BASES_PLANEJAMENTO\BASES_PLANEJAMENTO.xlsb;!ATUALIZAR_TUDO;JARVIS;23:04:04
M:\MIS\002_ESTRUTURAS\000_BASE_PDD\BASE_PDD.xlsb;!ATUALIZAR_TUDO;JARVIS;03:25:41
M:\MIS\002_ESTRUTURAS\000_BASE_PDD\PDD_CONTRATOS.xlsb;!ATUALIZAR_TUDO;JARVIS;09:04:08
M:\MIS\002_ESTRUTURAS\000_BASE_RH_SEMEAR\BASE_RH.xlsb;!ATUALIZAR_TUDO;JARVIS;05:26:56
M:\MIS\002_ESTRUTURAS\000_CARGA_VERDECOB\CARGA_VERDECOB.xlsb;!ATUALIZAR_TUDO;JARVIS;08:39:09
M:\MIS\002_ESTRUTURAS\000_CI\GERADOR_CI.xlsb;!ATUALIZAR_TUDO;JARVIS;03:01:14
M:\MIS\002_ESTRUTURAS\000_DB_MIS\011_ST_MORA_E_MULTA\CARGA_MM.xlsb;!ATUALIZAR_TUDO;CARGAS;08:12:04
M:\MIS\002_ESTRUTURAS\000_DB_MIS\011_ST_MORA_E_MULTA\CARGA_MM.xlsb;!ATUALIZAR_TUDO;JARVIS;08:05:30
M:\MIS\002_ESTRUTURAS\000_DB_MIS\dw_score_ar\CARGA_SCORE_AR.xlsb;!ATUALIZAR_TUDO;JARVIS;12:03:40
M:\MIS\002_ESTRUTURAS\000_DB_MIS\dw_score_telefone_cobranca\CARGA_SCORE_COBRANCA.xlsb;!ATUALIZAR_TUDO;JARVIS;05:38:02
M:\MIS\002_ESTRUTURAS\000_DB_MIS\es_ciclo_oferte_ganhe\INSERT_CICLO_OFERTE.xlsb;!ATUALIZAR_TUDO;CARGAS;02:34:16
M:\MIS\002_ESTRUTURAS\000_DB_MIS\es_ecommerce_sessoes\es_ecommerce_sessoes.xlsm;!ATUALIZAR_TUDO;CARGAS;04:22:02
M:\MIS\002_ESTRUTURAS\000_DB_MIS\es_escola_virtual\REALIZADO_ESCOLA_VITUAL.xlsb;!ATUALIZAR_TUDO;CARGAS;04:21:15
M:\MIS\002_ESTRUTURAS\000_DB_MIS\es_ocorrencias_motivos\OCORRENCIAS_MOTIVOS.xlsb;!ATUALIZAR_TUDO;CARGAS;04:21:27
M:\MIS\002_ESTRUTURAS\000_DB_MIS\es_plano_acao_oferte_ganhe\INSERT_PLANO_ACAO_OFERTE_GANHE.xlsb;!ATUALIZAR_TUDO;CARGAS;02:21:15
M:\MIS\002_ESTRUTURAS\000_DB_MIS\es_pontuacao_ligacoes\CARGA_PONTUACAO_LIGACOES.xlsb;!ATUALIZAR_TUDO;CARGAS;02:00:50
M:\MIS\002_ESTRUTURAS\000_DB_MIS\es_pontuacao_ligacoes\CARGA_PONTUACAO_LIGACOES.xlsb;!ATUALIZAR_TUDO;JARVIS;02:01:06
M:\MIS\002_ESTRUTURAS\000_DB_MIS\es_promo_rede\es_promo_rede.xlsm;!ATUALIZAR_TUDO;CARGAS;04:21:48
M:\MIS\002_ESTRUTURAS\000_DB_MIS\es_talao_entregue\INSERT_TALAO_ENTREGUE.xlsb;!ATUALIZAR_TUDO;CARGAS;08:52:49
M:\MIS\002_ESTRUTURAS\000_DB_MIS\st_20_maiores_cobranca_por_filial\CARGA_20_MAIORES.xlsb;!ATUALIZAR_TUDO;CARGAS;08:41:04
M:\MIS\002_ESTRUTURAS\000_DB_MIS\st_acao_af_base\INSERT_ACAO_AF_BASE.xlsb;!ATUALIZAR_TUDO;CARGAS;06:10:18
M:\MIS\002_ESTRUTURAS\000_DB_MIS\st_acordos_pagos\CARGA_AP.xlsb;!ATUALIZAR_TUDO;CARGAS;02:28:21
M:\MIS\002_ESTRUTURAS\000_DB_MIS\st_acordos_pagos\CARGA_AP.xlsb;!ATUALIZAR_TUDO;JARVIS;02:28:18
M:\MIS\002_ESTRUTURAS\000_DB_MIS\st_adesao_parcelamento\ADESAO_PARCELAMENTO.xlsb;!ATUALIZAR_TUDO;CARGAS;08:26:03
M:\MIS\002_ESTRUTURAS\000_DB_MIS\st_aprov_contas\INSERT_APROV.xlsb;!ATUALIZAR_TUDO;CARGAS;08:01:12
M:\MIS\002_ESTRUTURAS\000_DB_MIS\st_caracteristicas_concentrador\INSERT_CARACTERISTICAS_CONCENTRADOR.xlsb;!ATUALIZAR_TUDO;CARGAS;02:21:27
M:\MIS\002_ESTRUTURAS\000_DB_MIS\st_caracteristicas_concentrador\POSICAO_CARACTERISTICAS_CONCENTRADOR.xlsb;!ATUALIZAR_TUDO;CARGAS;00:11:35
M:\MIS\002_ESTRUTURAS\000_DB_MIS\st_caracteristicas_concentrador\POSICAO_CARACTERISTICAS_CONCENTRADOR.xlsb;!ATUALIZAR_TUDO;JARVIS;00:11:40
M:\MIS\002_ESTRUTURAS\000_DB_MIS\st_carga_verdecob\CARGA_VERDECOB.xlsb;!ATUALIZAR_TUDO;CARGAS;08:24:53
M:\MIS\002_ESTRUTURAS\000_DB_MIS\st_cartoes_novos\CARGA_CARTOES.xlsb;!ATUALIZAR_TUDO;CARGAS;05:59:23
M:\MIS\002_ESTRUTURAS\000_DB_MIS\st_cartoes_novos\CARGA_CARTOES.xlsb;!ATUALIZAR_TUDO;JARVIS;06:26:46
M:\MIS\002_ESTRUTURAS\000_DB_MIS\st_clientes_categoria\INSERT_CLIENTES_CATEGORIA.xlsb;!ATUALIZAR_TUDO;CARGAS;11:57:55
M:\MIS\002_ESTRUTURAS\000_DB_MIS\st_complementares_sf\CARGA_COMPLEMENTARES.xlsb;!ATUALIZAR_TUDO;CARGAS;08:01:20
M:\MIS\002_ESTRUTURAS\000_DB_MIS\st_contas_credito_suspenso\CARGA_CS.xlsb;!ATUALIZAR_TUDO;CARGAS;09:01:45
M:\MIS\002_ESTRUTURAS\000_DB_MIS\st_contas_credito_suspenso\CARGA_CS.xlsb;!ATUALIZAR_TUDO;JARVIS;08:49:52
M:\MIS\002_ESTRUTURAS\000_DB_MIS\st_credito_pessoal\INSERT_CREDITO_PESSOAL.xlsb;!ATUALIZAR_TUDO;CARGAS;06:00:18
M:\MIS\002_ESTRUTURAS\000_DB_MIS\st_credito_pessoal_canais\INSERT_ST_CREDITO_PESSOAL_CANAIS.xlsb;!ATUALIZAR_TUDO;CARGAS;11:59:06
M:\MIS\002_ESTRUTURAS\000_DB_MIS\st_dp_ferias\INSERT_ST_DP_FERIAS.xlsb;!ATUALIZAR_TUDO;CARGAS;03:40:21
M:\MIS\002_ESTRUTURAS\000_DB_MIS\st_estoque_talao_graf\INSERT_ESTOQUE_TALAO_GRAF.xlsb;!ATUALIZAR_TUDO;JARVIS;12:19:07
M:\MIS\002_ESTRUTURAS\000_DB_MIS\st_garantia\GARANTIA.xlsb;!ATUALIZAR_TUDO;CARGAS;05:10:36
M:\MIS\002_ESTRUTURAS\000_DB_MIS\st_imagens_servidor\INSERT_IMAGENS_SERVIDOR.xlsb;!ATUALIZAR_TUDO;CARGAS;06:01:15
M:\MIS\002_ESTRUTURAS\000_DB_MIS\st_ligacoes_contact_center\INSERT_LIGACOES_CONTACT_CENTER.xlsb;!ATUALIZAR_TUDO;JARVIS;00:31:16
M:\MIS\002_ESTRUTURAS\000_DB_MIS\st_log_ep\INSERT_LOG_EP.xlsb;!ATUALIZAR_TUDO;CARGAS;05:07:21
M:\MIS\002_ESTRUTURAS\000_DB_MIS\st_mensageria\CARGA_MENSAGERIA.xlsb;!ATUALIZAR_TUDO;CARGAS;08:12:46
M:\MIS\002_ESTRUTURAS\000_DB_MIS\st_mora_e_multa_filial\MORA_E_MULTA_FILIAL.xlsb;!ATUALIZAR_TUDO;CARGAS;05:27:22
M:\MIS\002_ESTRUTURAS\000_DB_MIS\st_ocorrencias_assessorias\OCORRENCIAS_ASSESSORIAS.xlsb;!ATUALIZAR_TUDO;CARGAS;05:21:57
M:\MIS\002_ESTRUTURAS\000_DB_MIS\st_ocorrencias_verdecob\OCORRENCIAS_VERDECOB.xlsb;!ATUALIZAR_TUDO;CARGAS;04:05:48
M:\MIS\002_ESTRUTURAS\000_DB_MIS\st_operacoes_por_cto_vd\CARGA_OD.xlsb;!ATUALIZAR_TUDO;CARGAS;05:07:24
M:\MIS\002_ESTRUTURAS\000_DB_MIS\st_pagamentos_verdesys\INSERT_PAGAMENTOS.xlsb;!ATUALIZAR_TUDO;CARGAS;08:24:21
M:\MIS\002_ESTRUTURAS\000_DB_MIS\st_plano_controle_vivo\CARGA_VIVO.xlsb;!ATUALIZAR_TUDO;CARGAS;09:28:43
M:\MIS\002_ESTRUTURAS\000_DB_MIS\st_produtos_cob\PRODUTOS_COB.xlsb;!ATUALIZAR_TUDO;CARGAS;08:07:34
M:\MIS\002_ESTRUTURAS\000_DB_MIS\st_quero_premio\CARGA_QP.xlsb;!ATUALIZAR_TUDO;CARGAS;05:59:38
M:\MIS\002_ESTRUTURAS\000_DB_MIS\st_quero_premio\CARGA_QP.xlsb;!ATUALIZAR_TUDO;JARVIS;06:39:50
M:\MIS\002_ESTRUTURAS\000_DB_MIS\st_realizado_escola_virtual\REALIZADO_ESCOLA_VITUAL.xlsb;!ATUALIZAR_TUDO;JARVIS;09:57:55
M:\MIS\002_ESTRUTURAS\000_DB_MIS\st_respostas_sms\INSERT_RESPOSTAS.xlsb;!ATUALIZAR_TUDO;JARVIS;09:07:41
M:\MIS\002_ESTRUTURAS\000_DB_MIS\st_seguro_residencial\CARGA_SR.xlsb;!ATUALIZAR_TUDO;CARGAS;06:00:32
M:\MIS\002_ESTRUTURAS\000_DB_MIS\st_sms_carga_avaliacao_app\INSERT_SMS_APP.xlsb;!ATUALIZAR_TUDO;CARGAS;08:01:05
M:\MIS\002_ESTRUTURAS\000_DB_MIS\st_sms_carga_sc\INSERT_SMS_CARGA_SC.xlsb;!ATUALIZAR_TUDO;CARGAS;08:11:34
M:\MIS\002_ESTRUTURAS\000_DB_MIS\st_sms_carga_sc\INSERT_SMS_CARGA_SC.xlsb;!ATUALIZAR_TUDO;JARVIS;07:41:03
M:\MIS\002_ESTRUTURAS\000_DB_MIS\st_sms_nps\SMS_NPS.xlsb;!ATUALIZAR_TUDO;CARGAS;11:54:17
M:\MIS\002_ESTRUTURAS\000_DB_MIS\st_spp_mensal\SPP_MENSAL.xlsb;!ATUALIZAR_TUDO;CARGAS;04:23:51
M:\MIS\002_ESTRUTURAS\000_DB_MIS\st_talao\INSERT_TALAO.xlsb;!ATUALIZAR_TUDO;CARGAS;02:21:02
M:\MIS\002_ESTRUTURAS\000_DB_MIS\st_talao_estoque\INSERT_TALAO_ESTOQUE.xlsb;!ATUALIZAR_TUDO;CARGAS;03:27:24
M:\MIS\002_ESTRUTURAS\000_DESCOMPACTADOR\OPERACOES_POR_CONTRATO.xlsb;!ATUALIZAR_TUDO;JARVIS;04:14:19
M:\MIS\002_ESTRUTURAS\000_EXTRACAO_LIGACOES_ALTITUDE\EXTRATOR_LIGACOES.xlsb;!ATUALIZAR_TUDO;JARVIS;00:22:50
M:\MIS\002_ESTRUTURAS\000_EXTRACAO_LIGACOES_ALTITUDE\EXTRATOR_LIGACOES_CRM.xlsb;!ATUALIZAR_TUDO;JARVIS;03:38:28
M:\MIS\002_ESTRUTURAS\000_EXTRACAO_LIGACOES_ALTITUDE\QTD_LIG.xlsb;!ATUALIZAR_TUDO;JARVIS;02:08:52
M:\MIS\002_ESTRUTURAS\000_EXTRACAO_REPORTS_CUBO_ALTITUDE\BASE_RECEPTIVA.xlsb;!ATUALIZAR_TUDO;JARVIS;00:11:33
M:\MIS\002_ESTRUTURAS\000_POSICAO_IMAGENS\POSICAO_IMAGENS.xlsb;!ATUALIZAR_TUDO;JARVIS;00:12:36
M:\MIS\002_ESTRUTURAS\000_PRODUCAO\TESTAR_E_MOVER_PRODUCAO.xlsb;!ATUALIZAR_TUDO;JARVIS;06:16:23
M:\MIS\002_ESTRUTURAS\000_QUALIFICACOES_CRM\QUALIFICACOES_CRM.xlsb;!ATUALIZAR_TUDO;JARVIS;00:15:20
M:\MIS\003_CAPTACAO\001_RELATORIOS\D_ACOMPANHAMENTO_ACAO_LIMITE\ACAO_AUMENTO_LIMITE_2020.xlsb;!ATUALIZAR_TUDO;JARVIS;14:57:47
M:\MIS\003_CAPTACAO\001_RELATORIOS\D_ACOMPANHAMENTO_ACAO_LIMITE\ACAO_AUMENTO_LIMITE_AFILIADAS.xlsb;!ATUALIZAR_TUDO;JARVIS;15:02:16
M:\MIS\003_CAPTACAO\001_RELATORIOS\D_ANALISE_CARTOES\CARTOES_CHIP_SAFRA.xlsb;!ATUALIZAR_TUDO;JARVIS;17:44:16
M:\MIS\003_CAPTACAO\001_RELATORIOS\D_ANALISE_TOMBAMENTO\TOMBAMENTO.xlsb;!ATUALIZAR_TUDO;JARVIS;02:07:29
M:\MIS\003_CAPTACAO\001_RELATORIOS\D_APROVACAO_APP\APROVACAO_APP.xlsb;!ATUALIZAR_TUDO;CARGAS;09:56:09
M:\MIS\003_CAPTACAO\001_RELATORIOS\D_SUSPENSAO_CREDITO\CARGA_SC.xlsb;!ATUALIZAR_TUDO;JARVIS;08:50:42
M:\MIS\003_CAPTACAO\001_RELATORIOS\D_SUSPENSAO_CREDITO\SUSPENSAO_CREDITO.xlsb;!ATUALIZAR_TUDO;JARVIS;09:57:53
M:\MIS\003_CAPTACAO\001_RELATORIOS\D_TEMPOS_BIOMETRIA\TEMPOS_BIOMETRIA.xlsb;!ATUALIZAR_TUDO;JARVIS;12:07:40
M:\MIS\003_CAPTACAO\001_RELATORIOS\S_CARTEIRA_GRANDES_CLIENTES\CARTEIRA_GRANDES_CLIENTES.xlsb;!ATUALIZAR_TUDO;JARVIS;14:53:28
M:\MIS\003_CAPTACAO\001_RELATORIOS\S_GESTAO-LIMITES\GESTAO_LIMITES.xlsb;!ATUALIZAR_FRAUDE;JARVIS;11:17:19
M:\MIS\003_CAPTACAO\001_RELATORIOS\S_GESTAO-LIMITES\GESTAO_LIMITES.xlsb;!ATUALIZAR_TUDO;JARVIS;19:50:10
M:\MIS\004_COMERCIAL\001_RELATORIOS\D_ACOMPANHAMENTO_EP\ACOMPANHAMENTO_EP.xlsb;!ATUALIZAR_TUDO;JARVIS;07:48:58
M:\MIS\004_COMERCIAL\001_RELATORIOS\D_ACOMPANHAMENTO_PRODUTOS_COMPLEMENTARES\ACOMPANHAMENTO_PRODUTOS_COMPLEMENTARES.xlsb;!ATUALIZAR_TUDO;JARVIS;06:37:13
M:\MIS\004_COMERCIAL\001_RELATORIOS\D_ACOMPANHAMENTO_PROMOTORES_MULTICRED\PROMOTORES_MULTICRED.xlsb;!ATUALIZAR_TUDO;JARVIS;03:33:41
M:\MIS\004_COMERCIAL\001_RELATORIOS\D_ACOMPANHAMENTO_SUP_EP\ACOMPANHAMENTO_SUP.xlsb;!ATUALIZAR_TUDO;JARVIS;07:23:02
M:\MIS\004_COMERCIAL\001_RELATORIOS\D_ACOMP_CIELO_STONE\ACOMP_CIELO_STONE.xlsb;!ATUALIZAR_TUDO;JARVIS;15:05:05
M:\MIS\004_COMERCIAL\001_RELATORIOS\D_ACOMP_CONVENIADAS_CARTAO_EP\ACOMP_CONVENIADAS.xlsb;!ATUALIZAR_TUDO;JARVIS;08:59:17
M:\MIS\004_COMERCIAL\001_RELATORIOS\D_ANALISE_GC_AR\ANALISE_GC_AR.xlsb;!ATUALIZAR_TUDO;JARVIS;14:46:43
M:\MIS\004_COMERCIAL\001_RELATORIOS\D_ANALISE_MAILING_EP\ANALISE_MAILING_EP.xlsb;!ATUALIZAR_TUDO;JARVIS;11:52:05
M:\MIS\004_COMERCIAL\001_RELATORIOS\D_ANALISE_ROBO_APP_EP\ANALISE_EP_APP.xlsb;!ATUALIZAR_TUDO;JARVIS;05:12:25
M:\MIS\004_COMERCIAL\001_RELATORIOS\D_ANUIDADE\ANUIDADE.xlsb;!ATUALIZAR_TUDO;JARVIS;03:54:25
M:\MIS\004_COMERCIAL\001_RELATORIOS\D_AR_AUTOMATICO\AR_AUTOMATICO.xlsb;!ATUALIZAR_TUDO;JARVIS;12:29:05
M:\MIS\004_COMERCIAL\001_RELATORIOS\D_CARTAO_CAPTURA_APP\CARTAO_CAPTURA.xlsb;!ATUALIZAR_TUDO;JARVIS;11:21:50
M:\MIS\004_COMERCIAL\001_RELATORIOS\D_COMPARATIVO_ESTOQUE\COMPARATIVO_ESTOQUE.xlsb;!ATUALIZAR_TUDO;JARVIS;11:57:39
M:\MIS\004_COMERCIAL\001_RELATORIOS\D_CONVERSAO_EP\CONV_EP.xlsb;!ATUALIZAR_TUDO;JARVIS;11:50:53
M:\MIS\004_COMERCIAL\001_RELATORIOS\D_CREDENCIAMENTOS_MDR\CREDENCIAMENTO_MDR.xlsb;!ATUALIZAR_TUDO;JARVIS;03:48:32
M:\MIS\004_COMERCIAL\001_RELATORIOS\D_FATURA_VS_FATURA_SIMPLIFICADA\FATURA_VS_FATURA_SIMPLIFICADA.xlsb;!ATUALIZAR_TUDO;JARVIS;15:34:57
M:\MIS\004_COMERCIAL\001_RELATORIOS\D_MAILING-EP\MAILING_EP.xlsb;!ATUALIZAR_TUDO;JARVIS;05:11:05
M:\MIS\004_COMERCIAL\001_RELATORIOS\D_MAILING-EP\MAILING_EP_REENVIO.xlsb;!ATUALIZAR_TUDO;JARVIS;14:13:26
M:\MIS\004_COMERCIAL\001_RELATORIOS\D_MAILING_CAPTACAO\MAILING_CAPTACAO.xlsb;!ATUALIZAR_TUDO_CONSULTA;JARVIS;14:10:57
M:\MIS\004_COMERCIAL\001_RELATORIOS\D_MAILING_CAPTACAO\MAILING_CAPTACAO.xlsb;!ATUALIZAR_TUDO_RELATORIO;JARVIS;02:01:06
M:\MIS\004_COMERCIAL\001_RELATORIOS\D_MAILING_CIELO_STONE\MAILING_CIELO_STONE.xlsb;!ATUALIZAR_TUDO;JARVIS;12:16:39
M:\MIS\004_COMERCIAL\001_RELATORIOS\D_MAILING_CIELO_STONE\MAILING_CIELO_STONE.xlsb;!BASE;JARVIS;03:09:07
M:\MIS\004_COMERCIAL\001_RELATORIOS\D_MENSAGERIA\RELATORIO_OFERTA_EP.xlsb;!ATUALIZAR_TUDO;JARVIS;11:49:09
M:\MIS\004_COMERCIAL\001_RELATORIOS\D_MIX_CARTAO_QQ\MIX_CARTAO_QQ.xlsb;!ATUALIZAR_TUDO;JARVIS;08:04:33
M:\MIS\004_COMERCIAL\001_RELATORIOS\D_MONITORA_REDES_MDR\MONITORA_REDES.xlsb;!ATUALIZAR_TUDO;JARVIS;19:16:00
M:\MIS\004_COMERCIAL\001_RELATORIOS\D_MULTICRED_POR_OPERACAO\Vendas_Multicred_por_Operacao.xlsm;!ATUALIZAR_TUDO;JARVIS;07:17:17
M:\MIS\004_COMERCIAL\001_RELATORIOS\D_OFERTE_GANHE\OFERTE_GANHE.xlsb;!ATUALIZAR_BASE;JARVIS;01:11:31
M:\MIS\004_COMERCIAL\001_RELATORIOS\D_OFERTE_GANHE\OFERTE_GANHE.xlsb;!ATUALIZAR_TUDO;JARVIS;11:08:11
M:\MIS\004_COMERCIAL\001_RELATORIOS\D_OFERTE_GANHE\OFERTE_GANHE_ESTOQUE.xlsb;!ATUALIZAR_TUDO;JARVIS;12:25:24
M:\MIS\004_COMERCIAL\001_RELATORIOS\D_OFERTE_GANHE\OFERTE_GANHE_ESTOQUE_BASE.xlsb;!ATUALIZAR_TUDO;JARVIS;12:13:50
M:\MIS\004_COMERCIAL\001_RELATORIOS\D_OFERTE_GANHE_GERENCIAL\OFERTE_GANHE_GERENCIAL.xlsb;!ATUALIZAR_TUDO;JARVIS;10:12:56
M:\MIS\004_COMERCIAL\001_RELATORIOS\D_PREVIAS\PREVIA_ENTREGAS_SF.xlsb;!ATUALIZAR_TUDO;CARGAS;20:57:43
M:\MIS\004_COMERCIAL\001_RELATORIOS\D_PRODUCAO_E_ENTREGA\PRODUCAO_E_ENTREGA.xlsb;!ATUALIZAR_TUDO;CARGAS;20:54:52
M:\MIS\004_COMERCIAL\001_RELATORIOS\D_RELATORIO_DE_CAMPANHAS\CAMPANHAS.xlsb;!ATUALIZAR_TUDO;JARVIS;04:10:06
M:\MIS\004_COMERCIAL\001_RELATORIOS\D_RETORNO_APP_EP\RETORNO_APP_EP.xlsb;!ATUALIZAR_TUDO;JARVIS;23:24:43
M:\MIS\004_COMERCIAL\001_RELATORIOS\D_RETORNO_APP_EP\RETORNO_EP_DIARIO.xlsb;!ATUALIZAR_TUDO;JARVIS;17:25:29
M:\MIS\004_COMERCIAL\001_RELATORIOS\D_SALDO_INSUFICIENTE\SALDO_INSUFICIENTE.xlsb;!ATUALIZAR_TUDO;JARVIS;09:10:04
M:\MIS\004_COMERCIAL\001_RELATORIOS\D_SEMEAR_CARTOES_NOVOS\SEMEAR.xlsb;!ATUALIZAR_TUDO;CARGAS;09:12:23
M:\MIS\004_COMERCIAL\001_RELATORIOS\D_VENDAS_TEF\VENDAS_TEF_AFILIADAS.xlsb;!ATUALIZAR_TUDO;JARVIS;02:32:05
M:\MIS\004_COMERCIAL\001_RELATORIOS\D_VENDEX_MULTICRED\VENDEX_MDR.xlsb;!ATUALIZAR_TUDO;JARVIS;00:16:34
M:\MIS\004_COMERCIAL\001_RELATORIOS\M_CONVERSAO_GARANTIA_SPP\CONVERSAO_GARANTIA_SPP.xlsb;!ATUALIZAR_TUDO;JARVIS;08:09:11
M:\MIS\004_COMERCIAL\001_RELATORIOS\M_SMS_NPS\SMS_NPS.xlsb;!ATUALIZAR_TUDO;JARVIS;13:53:53
M:\MIS\004_COMERCIAL\001_RELATORIOS\S_CLIENTES_CATEGORIA\CLIENTES_CATEGORIA.xlsb;!ATUALIZAR_TUDO;JARVIS;12:23:33
M:\MIS\004_COMERCIAL\001_RELATORIOS\S_LOG_EP\SIMULACOES_EP.xlsb;!ATUALIZAR_TUDO;JARVIS;06:51:19
M:\MIS\004_COMERCIAL\001_RELATORIOS\S_PRODUTOS_SF\PRODUTOS_SF.xlsb;!ATUALIZAR_TUDO;JARVIS;07:43:30
M:\MIS\004_COMERCIAL\001_RELATORIOS\S_SMS_ATIVACAO\SMS_ATIVACAO.xlsb;!ATUALIZAR_TUDO;JARVIS;13:58:40
M:\MIS\004_COMERCIAL\001_RELATORIOS\S_USO_APP_POR_FILIAL\INSTALACAO_APP_POR_FILIAL.xlsb;!ATUALIZAR_TUDO;JARVIS;09:44:44
M:\MIS\005_COBRANCA\001_RELATORIOS\D_20_MAIORES\20_MAIORES.xlsb;!ATUALIZAR_TUDO;JARVIS;08:29:14
M:\MIS\005_COBRANCA\001_RELATORIOS\D_ACOMPANHAMENTO_BOLETAGEM\ACOMPANHAMENTO_BOLETAGEM.xlsb;!ATUALIZAR_TUDO;JARVIS;04:25:37
M:\MIS\005_COBRANCA\001_RELATORIOS\D_ACOMPANHAMENTO_BOLETAGEM_COMPLETO\GESTAO_BOLETAGEM.xlsb;!ATUALIZAR_TUDO;JARVIS;03:31:35
M:\MIS\005_COBRANCA\001_RELATORIOS\D_ACOMPANHAMENTO_PRODUTOS\ACOMPANHAMENTO_PRODUTOS.xlsb;!ATUALIZAR_TUDO;CARGAS;08:35:30
M:\MIS\005_COBRANCA\001_RELATORIOS\D_ACOMPANHAMENTO_PRODUTOS\BASE_MORA_E_MULTA.xlsb;!ATUALIZAR_TUDO;JARVIS;05:21:27
M:\MIS\005_COBRANCA\001_RELATORIOS\D_ACOMPANHAMENTO_RN\ACOMPANHAMENTO_RN.xlsb;!ATUALIZAR_TUDO;JARVIS;07:38:37
M:\MIS\005_COBRANCA\001_RELATORIOS\D_ACORDOS_VERDECOB\ACORDOS_VERDECOB.xlsb;!ATUALIZAR_TUDO;JARVIS;02:23:00
M:\MIS\005_COBRANCA\001_RELATORIOS\D_BATIMENTO_CARGA\BATIMENTO_CARGA.xlsm;!ATUALIZAR_TUDO;JARVIS;13:31:58
M:\MIS\005_COBRANCA\001_RELATORIOS\D_CARGA_RN_PORTAL\CARGA_RN_PORTAL.xlsb;!ATUALIZAR_TUDO;JARVIS;07:48:23
M:\MIS\005_COBRANCA\001_RELATORIOS\D_CONTROLE_NOVA_REGUA\CONTROLE_REGUA_RN.xlsb;!ATUALIZAR_TUDO;JARVIS;09:17:21
M:\MIS\005_COBRANCA\001_RELATORIOS\D_CONTROLE_NOVA_REGUA\NEGATIVACOES.xlsb;!ATUALIZAR_TUDO;JARVIS;11:05:12
M:\MIS\005_COBRANCA\001_RELATORIOS\D_FATURAS\FATURAS_POR_EMAIL.xlsb;!ATUALIZAR_TUDO;JARVIS;01:09:21
M:\MIS\005_COBRANCA\001_RELATORIOS\D_GIRO_OPERACAO_INTERNA\GIRO_OPERACAO_INTERNA.xlsb;!ATUALIZAR_TUDO;JARVIS;07:22:07
M:\MIS\005_COBRANCA\001_RELATORIOS\D_MAILINGS_COBRANCA\LOGVERDECOB.xlsb;!ATUALIZAR_TUDO;JARVIS;04:02:49
M:\MIS\005_COBRANCA\001_RELATORIOS\D_MAILINGS_COBRANCA\MAILING_COBRANCA_FASE_1.xlsb;!ATUALIZAR_TUDO;JARVIS;05:42:19
M:\MIS\005_COBRANCA\001_RELATORIOS\D_MAILINGS_COBRANCA\MAILING_COBRANCA_FASE_2.xlsb;!ATUALIZAR_TUDO;JARVIS;05:53:09
M:\MIS\005_COBRANCA\001_RELATORIOS\D_MAILINGS_COBRANCA\MAILING_COBRANCA_PREVENTIVO.xlsb;!ATUALIZAR_TUDO;JARVIS;06:06:47
M:\MIS\005_COBRANCA\001_RELATORIOS\D_MAILING_COLCHACO\MAILING_COLCHACO.xlsb;!ATUALIZAR_TUDO;JARVIS;06:00:45
M:\MIS\005_COBRANCA\001_RELATORIOS\D_MIFA_E_OVER\RELATORIO_MIFA_E_OVER.xlsm;!ATUALIZAR_TUDO;JARVIS;05:09:30
M:\MIS\005_COBRANCA\001_RELATORIOS\D_MIFA_E_OVER\ROTINA_OVER.xlsb;!ATUALIZAR_TUDO;JARVIS;03:44:50
M:\MIS\005_COBRANCA\001_RELATORIOS\D_MORA_E_MULTA\Mora_e_Multa.xlsm;!ATUALIZAR_TUDO;JARVIS;11:54:24
M:\MIS\005_COBRANCA\001_RELATORIOS\D_OCORRENCIAS_FILIAIS\RODAR_OCORRENCIAS.xlsb;!ATUALIZAR_TUDO;CARGAS;05:22:56
M:\MIS\005_COBRANCA\001_RELATORIOS\D_OCORRENCIAS_OPERACAO_INTERNA\OCORRENCIAS_OPERACAO_INTERNA.xlsb;!ATUALIZAR_TUDO;JARVIS;11:32:47
M:\MIS\005_COBRANCA\001_RELATORIOS\D_OFERTAS_PARCELAMENTO\OFERTAS_PARCELAMENTO.xlsb;!ATUALIZAR_TUDO;JARVIS;06:39:18
M:\MIS\005_COBRANCA\001_RELATORIOS\D_PAGAMENTOS_INTERNOS\PAGAMENTOS_OPERACAO_INTERNA.xlsb;!ATUALIZAR_TUDO;JARVIS;12:09:56
M:\MIS\005_COBRANCA\001_RELATORIOS\D_PAGAMENTOS_INTERNOS\PAGAMENTOS_OPERACAO_INTERNA.xlsb;!ATUALIZAR_TUDO_RECEPTIVO;JARVIS;15:08:52
M:\MIS\005_COBRANCA\001_RELATORIOS\D_PERFORMANCE_ASSESSORIAS\PERFORMANCE_ASSESSORIAS.xlsb;!ATUALIZAR_TUDO;JARVIS;12:34:46
M:\MIS\005_COBRANCA\001_RELATORIOS\D_PERFORMANCE_ASSESSORIAS\PERFORMANCE_ASSESSORIAS.xlsb;!QUERIES_COBRANCA;JARVIS;01:07:31
M:\MIS\005_COBRANCA\001_RELATORIOS\D_PILOTO_FATURA_EMAIL\PILOTO_FATURAS_CTOS.xlsb;!ATUALIZAR_TUDO;JARVIS;22:00:51
M:\MIS\005_COBRANCA\001_RELATORIOS\D_PRODUTOS_COBRANCA\PRODUTOS_COBRANCA.xlsb;!ATUALIZAR_TUDO;CARGAS;09:24:44
M:\MIS\005_COBRANCA\001_RELATORIOS\D_QUERIES_MAILING_COBRANCA\QUERIES_MAILING.xlsb;!ATUALIZAR_TUDO;JARVIS;04:24:48
M:\MIS\005_COBRANCA\001_RELATORIOS\D_RN_AUTOMATICA\EFETIVIDADE_RN_AUTOMATICA.xlsb;!ATUALIZAR_TUDO;JARVIS;12:40:01
M:\MIS\005_COBRANCA\001_RELATORIOS\D_SMS_SC\BLOQUEIO_SUSPENSAO.xlsb;!ATUALIZAR_TUDO;JARVIS;07:36:10
M:\MIS\005_COBRANCA\001_RELATORIOS\D_SPC_SERASA\ACOMPANHAMENTO_SPC_SERASA.xlsb;!ATUALIZAR_TUDO;JARVIS;04:33:57
M:\MIS\005_COBRANCA\001_RELATORIOS\D_TAREFAS_VERDECOB\TAREFAS_VERDECOB.xlsb;!ATUALIZAR_TUDO;JARVIS;07:03:53
M:\MIS\005_COBRANCA\001_RELATORIOS\D_VALIDACAO_FATURAS\VALIDACAO_FATURAS.xlsb;!ATUALIZAR_TUDO;JARVIS;10:24:28
M:\MIS\005_COBRANCA\001_RELATORIOS\S_ACOMPANHAMENTO_CEDO\ACOMPANHAMENTO_CEDO.xlsb;!ATUALIZAR_TUDO;JARVIS;18:08:26
M:\MIS\006_ADMINISTRACAO\001_RELATORIOS\D_ACOMP_GESTOR_CONTATOS\ACOMP_GESTOR_CONTATOS.xlsb;!ATUALIZAR_TUDO;JARVIS;10:01:53
M:\MIS\006_ADMINISTRACAO\001_RELATORIOS\D_API_BEKYOU_ATIVOS\API_BEKYOU_ATIVOS.xlsb;!ATUALIZAR_TUDO;JARVIS;06:17:29
M:\MIS\006_ADMINISTRACAO\001_RELATORIOS\D_APP_VERDECARD\APP_VERDECARD.xlsb;!ATUALIZAR_TUDO;JARVIS;14:34:12
M:\MIS\006_ADMINISTRACAO\001_RELATORIOS\D_AVISO_APP\AVISO_APP.xlsb;!ATUALIZAR_BASE;JARVIS;16:15:10
M:\MIS\006_ADMINISTRACAO\001_RELATORIOS\D_CLIQQ\CLIQQ.xlsb;!ATUALIZAR_BASE;JARVIS;01:10:56
M:\MIS\006_ADMINISTRACAO\001_RELATORIOS\D_CLIQQ\CLIQQ.xlsb;!ATUALIZAR_TUDO;JARVIS;08:25:01
M:\MIS\006_ADMINISTRACAO\001_RELATORIOS\D_CLIQQ\CLIQQ.xlsb;!REPORT_IMAGENS;JARVIS;08:54:16
M:\MIS\006_ADMINISTRACAO\001_RELATORIOS\D_COBRANCA_RECEPTIVA\COBRANCA_RECEPTIVA.xlsb;!ATUALIZAR_TUDO;JARVIS;17:27:54
M:\MIS\006_ADMINISTRACAO\001_RELATORIOS\D_DASHBOARD_GERENCIAL\GERAR_BASES_DASH.xlsb;!ATUALIZAR_TUDO;JARVIS;22:49:34
M:\MIS\006_ADMINISTRACAO\001_RELATORIOS\D_GERENCIADOR_DATAS\GERENCIADOR_DATAS.xlsb;!ATUALIZAR_TUDO;JARVIS;02:11:29
M:\MIS\006_ADMINISTRACAO\001_RELATORIOS\D_IMAGENS_CLIQQ\IMAGENS_CLIQQ_PRE_CADASTRO.xlsb;!ATUALIZAR_TUDO;CARGAS;09:44:33
M:\MIS\006_ADMINISTRACAO\001_RELATORIOS\D_INDICADOR_PERDAS\INDICADOR_PERDA_TI.xlsb;!ATUALIZAR_TUDO;JARVIS;18:48:09
M:\MIS\006_ADMINISTRACAO\001_RELATORIOS\D_ONEDRIVE_MKT\ONEDRIVE_MKT.xlsb;!ATUALIZAR_TUDO;JARVIS;03:05:54
M:\MIS\006_ADMINISTRACAO\001_RELATORIOS\D_PAGAMENTOS_FATURAS_BANCO\PAGAMENTOS_FATURAS_BANCO.xlsb;!ATUALIZAR_TUDO;JARVIS;16:09:22
M:\MIS\006_ADMINISTRACAO\001_RELATORIOS\D_PAPA_FILA\PAPA_FILA.xlsb;!ATUALIZAR_TUDO;JARVIS;09:22:11
M:\MIS\006_ADMINISTRACAO\001_RELATORIOS\D_PROCESSOS_TI_VERDE\PROCESSOS_TI_VERDE.xlsb;!ATUALIZAR_TUDO;JARVIS;15:46:22
M:\MIS\006_ADMINISTRACAO\001_RELATORIOS\D_PRODUTIVIDADE_POR_OPERADOR\PRODUTIVIDADE_AR.xlsb;!ATUALIZAR_TUDO;JARVIS;15:11:34
M:\MIS\006_ADMINISTRACAO\001_RELATORIOS\D_PRODUTIVIDADE_PROCESSOS_BACKOFFICE\PRODUTIVIDADE_PROCESSOS_BACKOFFICE.xlsb;!ATUALIZAR_TUDO;JARVIS;16:18:27
M:\MIS\006_ADMINISTRACAO\001_RELATORIOS\D_RECEBIMENTO_CORRESPONDENTE\RECEBIMENTO_CORRESPONDENTE.xlsb;!ATUALIZAR_TUDO;JARVIS;22:10:26
M:\MIS\006_ADMINISTRACAO\001_RELATORIOS\D_SMS_AVALIACAO_APP\SMS_APP.xlsb;!ATUALIZAR_TUDO;JARVIS;07:05:21
M:\MIS\006_ADMINISTRACAO\001_RELATORIOS\D_TARIFA_PGTO_BANCO\TARIFA_PGTO_BANCO.xlsb;!ATUALIZAR_TUDO;JARVIS;13:21:04
M:\MIS\006_ADMINISTRACAO\001_RELATORIOS\D_TRACKING\TRACKING.xlsb;!ATUALIZAR_TUDO;JARVIS;16:10:46
M:\MIS\006_ADMINISTRACAO\001_RELATORIOS\D_USO_VERDECREDI\USO_VERDECREDI.xlsb;!ATUALIZAR_TUDO;JARVIS;17:35:52
M:\MIS\006_ADMINISTRACAO\001_RELATORIOS\S_ACOMP_SALDO_50K\ACOMP_SALDO_50K.xlsb;!ATUALIZAR_TUDO;JARVIS;04:05:47
M:\MIS\006_ADMINISTRACAO\001_RELATORIOS\S_AUDITORIA_INTERNA\AUDITORIA.xlsb;!ATUALIZAR_TUDO;JARVIS;03:32:02
M:\MIS\006_ADMINISTRACAO\001_RELATORIOS\S_ESCOLA_VIRTUAL_PRODUCAO\ESCOLA_VIRTUAL_PRODUCAO.xlsb;!ATUALIZAR_TUDO;JARVIS;10:50:02
M:\MIS\ANTECIPACAO\ACOMPANHAMENTO_AR\ACOMPANHAMENTO_AR.xlsb;!ATUALIZAR_TUDO;JARVIS;07:55:43
M:\MIS\ANTECIPACAO\MAILING_AR\MAILING_AR.xlsb;!ATUALIZAR_TUDO;JARVIS;06:12:11
M:\MIS\COBRAN큐\RELATRIOS\ACOMPANHAMENTO_DE_ASSESSORIAS\COMISSOES_ASSESSORIAS\ASSESSORIAS.xlsb;!ATUALIZAR_TUDO;CARGAS;08:15:31
M:\MIS\COBRAN큐\RELATRIOS\ACOMPANHAMENTO_DE_ASSESSORIAS\COMISSOES_ASSESSORIAS\COMISSAO_ASSESSORIAS.xlsb;!ATUALIZAR_TUDO;CARGAS;09:44:00
M:\MIS\COBRAN큐\RELATRIOS\MOBILE\Acompanhamento_Mobile.xlsm;!ATUALIZAR_TUDO;JARVIS;08:24:23
M:\MIS\COBRAN큐\RELATRIOS\MOBILE\Acompanhamento_Mobile.xlsm;!ENVIAR_EMAIL_COB;JARVIS;12:02:49
M:\MIS\COBRAN큐\RELATRIOS\MOBILE\GERENTE_MOBILE.xlsb;!ATUALIZAR_TUDO;JARVIS;09:14:06
M:\MIS\COBRAN큐\RELATRIOS\MOBILE\GERENTE_MOBILE.xlsb;!ENVIO_EMAIL_GERENTE_MOBILE;JARVIS;15:12:27
M:\MIS\COBRAN큐\RELATRIOS\RENEGOCIA츒\RENEGOCIACOES.xlsb;!ATUALIZAR_TUDO;JARVIS;07:45:57
M:\MIS\COMERCIAL\Venda_Servicos\Acompanhamento_por_Vendedor\ACOMPANHAMENTO_VENDEDOR.xlsb;!ATUALIZAR_TUDO;JARVIS;08:16:07
M:\MIS\CREDITO_E_RISCO\RELATORIOS\DIARIOS\APROVACAO_CONTAS\RELATORIO_APROVACAO_CTAS.xlsb;!ATUALIZAR_TUDO;CARGAS;09:10:32
M:\MIS\CREDITO_E_RISCO\RELATORIOS\DIARIOS\RELATORIO_VERDECREDI\RELATRIO_VERDECREDI.XLSB;!ATUALIZAR_TUDO;CARGAS;06:40:42
M:\MIS\CREDITO_E_RISCO\RELATORIOS\DIARIOS\TRANSACOES_E_LIMITES\Transacoes_e_Limites_automatico.xlsm;!ATUALIZAR_TUDO;JARVIS;12:55:28
M:\MIS\MULTICRED\000_INFORMAES_DIRIAS_MULTICRED\RODAR_VENDAS_MULTICRED_POR_REGIAO.xlsm;!ATUALIZAR_TUDO;CARGAS;08:24:49
M:\MIS\MULTICRED\001_VENDAS_MULTICRED\Vendas_Multicred_e_AR_diaria.xlsb;!ATUALIZAR_TUDO;CARGAS;08:01:55
M:\MIS\MULTICRED\008_CARTEIRAS_SUPERVISORES\CARTEIRA_SUPERVISORAS_DIARIA.xlsb;!ATUALIZAR_TUDO;CARGAS;08:44:19
M:\MIS\OPERACOES\DESCONTOS_POR_LOJA\DESCONTOS_POR_LOJA.xlsm;!ATUALIZAR_TUDO;JARVIS;16:24:05
M:\Planejamento\Bases Compartilhadas\Base_Armando_MACRO_ZTMM051.xlsm;!Atualizar;GARVIS;02:17:51
M:\mis\COBRAN큐\RELATRIOS\CARTAS_SMS_TTS\CONTROLE.xlsb;!ATUALIZAR_TUDO;JARVIS;08:16:11
O:\CONTROLADORIA\DESCONTOS\ContaCorrente_Descontos_v4.xlsm;!MESTRE;GARVIS;07:34:58
Q:\MIS\002_ESTRUTURAS\000_COPIA_BASES\COPIA_BASES.xlsm;!COPIA;GARVIS;08:00:05
Q:\MIS\002_ESTRUTURAS\000_DB_MIS\es_cad_fornecedor\Carga_es_cad_fornecedor.xlsm;!ATUALIZAR_TUDO;GARVIS;04:03:38
Q:\MIS\002_ESTRUTURAS\000_DB_MIS\es_cafunc\Carga_es_cadfunc.xlsm;!ATUALIZAR_TUDO;GARVIS;03:52:47
Q:\MIS\002_ESTRUTURAS\000_DB_MIS\st_dp_demitidos\Carga_dp_demitidos.xlsm;!ATUALIZAR_TUDO;GARVIS;04:13:24
Q:\MIS\002_ESTRUTURAS\000_DB_MIS\st_dp_funcao\Carga_dp_funcao.xlsm;!ATUALIZAR_TUDO;GARVIS;04:27:03
Q:\MIS\002_ESTRUTURAS\000_DB_MIS\st_dp_secao\Carga_dp_secao.xlsm;!ATUALIZAR_TUDO;GARVIS;04:29:19
Q:\MIS\002_ESTRUTURAS\000_DB_MIS\st_estoque_disponivel_venda\Carga_st_estoque_disponivel_venda.xlsm;!ATUALIZAR_TUDO;GARVIS;02:26:35
Q:\MIS\002_ESTRUTURAS\000_DB_MIS\st_estoque_padrao_loja\Carga_st_estoque_padrao_loja.xlsm;!ATUALIZAR_TUDO;GARVIS;04:51:20
Q:\MIS\002_ESTRUTURAS\000_DB_MIS\st_pedidos_estoque\Carga_st_pedidos_estoque.xlsm;!ATUALIZAR_TUDO;GARVIS;09:18:54
Q:\MIS\002_ESTRUTURAS\000_DB_MIS\st_pedidos_pendentes\Carga_st_pedidos_pendentes.xlsm;!ATUALIZAR_TUDO;GARVIS;09:21:12
Q:\MIS\002_ESTRUTURAS\000_DB_MIS\st_umov_fretes\Carga_Umove.xlsm;!ATUALIZAR_TUDO;GARVIS;01:01:57
Q:\MIS\002_ESTRUTURAS\000_DB_MIS\st_zttm021\BD_CARGA_ZTTM021.xlsm;!ATUALIZAR_TUDO;GARVIS;14:10:13
Q:\MIS\004_COMERCIAL\001_RELATORIOS\D_ACOMPANHAMENTO_METAS\Acompanhamento_Metas.xlsm;!ATUALIZAR_TUDO;GARVIS;11:41:02
Q:\MIS\004_COMERCIAL\001_RELATORIOS\D_PEDIDOS_COM_FRETE\Pedidos_Com_Frete.xlsm;!ROTINA;GARVIS;06:39:00
Q:\MIS\004_COMERCIAL\001_RELATORIOS\M_RELATORIO_PRODUTIVIDADE\Relat躁io_Produtividade.xlsm;!MESTRE;GARVIS;14:31:42
Q:\MIS\006_ADMINISTRACAO\001_RELATORIOS\D_ADMITIDOS_DIA\ADMITIDOS_DIA.xlsm;!ATUALIZAR_TUDO;GARVIS;05:19:10
Q:\MIS\006_ADMINISTRACAO\001_RELATORIOS\D_CONTROLE_BANCO__HORAS\CONTROLE_BANCOHORAS.xlsb;!ATUALIZAR_TUDO;GARVIS;13:32:45
Q:\MIS\006_ADMINISTRACAO\001_RELATORIOS\D_FALE_CONOSCO\FALE_CONOSCO.xlsm;!ATUALIZAR_TUDO;GARVIS;05:24:38
Q:\MIS\006_ADMINISTRACAO\001_RELATORIOS\D_INFO_COLABORADORES\INFO_COLABORADORES_PONTO.xlsb;!ATUALIZAR_TUDO;GARVIS;04:39:21
Q:\MIS\006_ADMINISTRACAO\001_RELATORIOS\D_LIGACOES\Relatorio_Ligacoes.xlsm;!ATUALIZAR_TUDO;GARVIS;00:50:03
Q:\MIS\006_ADMINISTRACAO\001_RELATORIOS\D_PEDIDOS_ENTREGUES\PEDIDOS_ENTREGUES.xlsm;!ATUALIZAR_TUDO;GARVIS;00:06:13
Q:\MIS\006_ADMINISTRACAO\001_RELATORIOS\D_PREVENCAO_PALAVRA\PREVENCAO_PALAVRA.xlsm;!ATUALIZAR_TUDO;GARVIS;09:43:35
Q:\MIS\006_ADMINISTRACAO\001_RELATORIOS\D_QQmais_CONSTRUCAO_F2\QQ_CONSTRUCAO_F2.xlsm;!ATUALIZAR_TUDO;GARVIS;00:54:43
Q:\MIS\006_ADMINISTRACAO\001_RELATORIOS\D_SMS_ENTREGA\SMS_ENTREGAS.xlsm;!ATUALIZAR_TUDO;GARVIS;10:45:23
Q:\MIS\006_ADMINISTRACAO\001_RELATORIOS\D_TRACKING_ACOES\ACOES_GOOGLE_DOCS.xlsm;!ATUALIZAR_TUDO;GARVIS;05:19:00
Q:\MIS\006_ADMINISTRACAO\001_RELATORIOS\D_VENDEX\VENDEX.xlsm;!ATUALIZAR_TUDO;GARVIS;06:51:56
Q:\MIS\006_ADMINISTRACAO\001_RELATORIOS\M_BOOK_FRETEIROS\Dashboard_Freteiros.xlsm;!ATUALIZAR_TUDO;GARVIS;14:44:55
Q:\MIS\006_ADMINISTRACAO\001_RELATORIOS\M_GAP_EBTIDA\GAP_EBITDA.xlsm;!ATUALIZAR_TUDO;GARVIS;00:05:09
Q:\MIS\006_ADMINISTRACAO\001_RELATORIOS\M_GAP_FATURAMENTO\ARQUIVO_GAP_FATURAMENTO.xlsm;!ATUALIZAR_TUDO;GARVIS;13:11:01
Q:\MIS\006_ADMINISTRACAO\001_RELATORIOS\M_PERDA_DE_ESTOQUE\Perda_De_Estoque_Faturamento.xlsm;!ATUALIZAR_TUDO;GARVIS;19:13:49
Q:\MIS\006_ADMINISTRACAO\001_RELATORIOS\S_CADASTRO_VERDE_ADMITIDOS\CADASTRO_VERDE_ADMITIDOS.xlsm;!ATUALIZAR_TUDO;GARVIS;05:18:50
Q:\MIS\006_ADMINISTRACAO\001_RELATORIOS\S_REUNIAO_EQUIPE\REUNIAO_EQUIPE.xlsm;!ATUALIZAR_TUDO;GARVIS;05:16:23
Q:\MIS\006_ADMINISTRACAO\001_RELATORIOS\S_TRADE\TRADE.xlsm;!ATUALIZAR_TUDO;GARVIS;00:42:59
Q:\MIS\BASES_CI_BD_VD\07_CAD_FUNC\CAD_FUNC.xlsm;!MASTER;GARVIS;08:12:02
U:\QueroQuero\Gestao_Analitica\Relatorios (Alisson)\Projetos\005_Operacoes\001_Parciais_Campanha\011_Campanha_aniversario\CAMPANHA_FINAL_ANO.xlsb;!ATUALIZAR_TUDO;CARGAS;21:07:38
U:\QueroQuero\Gestao_Analitica\Relatorios (Alisson)\Projetos\005_Operacoes\001_Parciais_Campanha\011_Campanha_aniversario\CAMPANHA_FINAL_ANO_new.xlsb;!ATUALIZAR_TUDO;CARGAS;21:31:30
U:\QueroQuero\Gestao_Analitica\Relatorios (Alisson)\Projetos\005_Operacoes\001_Parciais_Campanha\012_Campanha_consultores\CAMPANHA_CONSULTORES.xlsm;!ATUALIZAR_TUDO;CARGAS;10:57:57
U:\QueroQuero\Gestao_Analitica\Relatorios (Alisson)\Projetos\Ruptura\Macros_Rup.xlsm;!ATUALIZAR_TUDO_Prev_Tab;GARVIS;04:38:07
U:\QueroQuero\Gestao_Analitica\Relatorios (Alisson)\Projetos\Ruptura\Macros_Rup.xlsm;!ATUALIZAR_TUDO_Tab;GARVIS;02:45:19
U:\VerdeCard\MIS\002_ESTRUTURAS\000_ARQUIVOS_SF\ARQUIVOS_SF.xlsb;!ATUALIZAR_TUDO;CARGAS;09:40:29
U:\VerdeCard\MIS\002_ESTRUTURAS\000_BASE_MENSAGERIA\BASE_MENSAGERIA.xlsb;!ATUALIZAR_TUDO;CARGAS;07:46:11
U:\VerdeCard\MIS\002_ESTRUTURAS\000_DB_MIS\st_contatos_positivos\INSERT_CONTATOS_POSITIVOS.xlsb;!ATUALIZAR_TUDO;CARGAS;11:55:33
U:\VerdeCard\MIS\003_CAPTACAO\001_RELATORIOS\D_SUSPENSAO_CREDITO\CARGA_SC.xlsb;!ATUALIZAR_TUDO;CARGAS;09:35:45
U:\VerdeCard\MIS\003_CAPTACAO\001_RELATORIOS\D_SUSPENSAO_CREDITO\SUSPENSAO_CREDITO.xlsb;!ATUALIZAR_TUDO;CARGAS;10:40:53
U:\VerdeCard\MIS\003_CAPTACAO\001_RELATORIOS\D_TEMPOS_VERDECREDI\TEMPOS_VERDECREDI.xlsb;!ATUALIZAR_ENVIO;CARGAS;09:47:49
U:\VerdeCard\MIS\004_COMERCIAL\001_RELATORIOS\D_DISTRIBUICAO_PRODUTOS_CANAIS_DIGITAIS\DISTRIBUICAO_PRODUTOS_CANAIS_DIGITAIS.xlsb;!ATUALIZAR_BASE;CARGAS;08:23:13
U:\VerdeCard\MIS\004_COMERCIAL\001_RELATORIOS\D_DISTRIBUICAO_PRODUTOS_CANAIS_DIGITAIS\DISTRIBUICAO_PRODUTOS_CANAIS_DIGITAIS.xlsb;!ATUALIZAR_TUDO;CARGAS;10:04:48
U:\VerdeCard\MIS\004_COMERCIAL\001_RELATORIOS\S_MULTICRED_CONCORRENTES\MULTICRED_CONCORRENTES.xlsb;!ATUALIZAR_TUDO;CARGAS;07:17:13
U:\VerdeCard\MIS\005_COBRANCA\001_RELATORIOS\D_ACOMPANHAMENTO_EXCECOES\ACOMP_EXCECOES.xlsb;!ATUALIZAR_TUDO;CARGAS;03:03:41
U:\VerdeCard\MIS\005_COBRANCA\001_RELATORIOS\D_PREVENTIVO_RN\PREVENTIVO_RN.xlsb;!ATUALIZAR_TUDO;CARGAS;19:01:25
U:\VerdeCard\MIS\005_COBRANCA\001_RELATORIOS\D_REGUA_COBRANCA_ESTADO\BASE_REGUA_COB.xlsb;!ATUALIZAR_TUDO;CARGAS;03:11:16
U:\VerdeCard\MIS\006_ADMINISTRACAO\001_RELATORIOS\D_CONTROLE_BANCO__HORAS\CONTROLE_BANCOHORAS.xlsb;!ATUALIZAR_TUDO;CARGAS;16:20:48
U:\VerdeCard\MIS\006_ADMINISTRACAO\001_RELATORIOS\D_PAGAMENTOS_FATURAS_BANCO\PAGAMENTOS_FATURAS_BANCO.xlsb;!ATUALIZAR_TUDO;CARGAS;06:13:15
U:\VerdeCard\MIS\006_ADMINISTRACAO\001_RELATORIOS\D_PRODUTIVIDADE_POR_OPERADOR\PRODUTIVIDADE_COBRANCA.xlsb;!ATUALIZAR_TUDO;CARGAS;12:13:22
U:\VerdeCard\MIS\006_ADMINISTRACAO\001_RELATORIOS\D_PRODUTIVIDADE_POR_OPERADOR\PRODUTIVIDADE_COBRANCA.xlsb;!ENVIO_EMAIL_INDIVIDUAL;CARGAS;13:26:13
U:\VerdeCard\MIS\006_ADMINISTRACAO\001_RELATORIOS\D_PRODUTIVIDADE_POR_OPERADOR\PRODUTIVIDADE_EP.xlsb;!ATUALIZAR_TUDO;CARGAS;10:50:04
U:\VerdeCard\MIS\006_ADMINISTRACAO\001_RELATORIOS\D_PRODUTIVIDADE_POR_OPERADOR\PRODUTIVIDADE_EP.xlsb;!ENVIO_EMAIL_INDIVIDUAL;CARGAS;11:42:33
U:\VerdeCard\MIS\006_ADMINISTRACAO\001_RELATORIOS\D_PRODUTIVIDADE_POR_OPERADOR\PRODUTIVIDADE_MULTICANAIS.xlsb;!ATUALIZAR_TUDO;CARGAS;12:03:43
U:\Verdecard\MIS\002_ESTRUTURAS\000_DB_MIS\es_cadastro_estabelecimentos\es_cadastro_estabelecimentos.xlsm;!ATUALIZAR_TUDO;CARGAS;17:53:45
U:\Verdecard\MIS\002_ESTRUTURAS\000_DB_MIS\st_atendimento_facebook\INSERT_ATENDIMENTO_FACEBOOK.xlsm;!INSERT_ATENDIMENTOS_FACEBOOK;CARGAS;10:29:03
U:\Verdecard\MIS\002_ESTRUTURAS\000_DB_MIS\st_atendimento_whatsapp\INSERT_ATENDIMENTO_WHATSAPP.xlsm;!INSERT_ATENDIMENTOS_WHATSAPP;CARGAS;00:00:38
U:\Verdecard\MIS\002_ESTRUTURAS\000_DB_MIS\st_credito_desconto\Carga_credito_desconto.xlsm;!ATUALIZAR_TUDO;GARVIS;07:25:48
U:\Verdecard\MIS\002_ESTRUTURAS\000_DB_MIS\st_credito_sem_acrescimo\Carga_credito_sem_acrescimo.xlsm;!ATUALIZAR_TUDO;GARVIS;07:25:42
U:\Verdecard\MIS\002_ESTRUTURAS\000_DB_MIS\st_dp_saldo_he\Carga_dp_saldo_he.xlsm;!ATUALIZAR_TUDO;GARVIS;13:34:18
U:\Verdecard\MIS\002_ESTRUTURAS\000_DB_MIS\st_ligacoes_gestor_loja\Carga_st_ligacoes_gestor_loja.xlsm;!ATUALIZAR_TUDO;CARGAS;00:23:23
U:\Verdecard\MIS\002_ESTRUTURAS\000_DB_MIS\st_operacoes_por_cto_vd\CARGA_OD.xlsb;!ATUALIZAR_TUDO;CARGAS;05:06:50
U:\Verdecard\MIS\002_ESTRUTURAS\000_DB_MIS\st_operacoes_por_parcela\CARGA_OperacoesParcela.xlsb;!ATUALIZAR_TUDO;CARGAS;05:59:02
U:\Verdecard\MIS\002_ESTRUTURAS\000_DB_MIS\st_operacoes_por_parcela\CARGA_OperacoesParcela.xlsb;!ATUALIZAR_TUDO;JARVIS;06:07:21
U:\Verdecard\MIS\002_ESTRUTURAS\000_DB_MIS\st_pedidos_cancelados\Pedidos_cancelados_transf.xlsb;!ATUALIZAR_TUDO;CARGAS;06:01:00
U:\Verdecard\MIS\002_ESTRUTURAS\000_DB_MIS\st_pesquisa_satisfacao\Pesquisa_satisfacao_transf.xlsb;!ATUALIZAR_TUDO;CARGAS;14:55:58
U:\Verdecard\MIS\002_ESTRUTURAS\000_EXTRACAO_RETORNO_FATURAS\FATURAS_EDOC.xlsb;!ATUALIZAR_TUDO;CARGAS;10:49:57
U:\Verdecard\MIS\003_CAPTACAO\001_RELATORIOS\S_ACOMPANHAMENTO_CAMPANHAS\ACOMPANHAMENTO_CAMPANHAS.xlsm;!ATUALIZAR_TUDO;CARGAS;15:32:39
U:\Verdecard\MIS\003_CAPTACAO\001_RELATORIOS\S_ACOMPANHAMENTO_CAMPANHAS\ACOMPANHAMENTO_CAMPANHAS.xlsm;!ATUALIZAR_TUDO;GARVIS;11:29:29
U:\Verdecard\MIS\004_COMERCIAL\001_RELATORIOS\D_ACOMPANHAMENTO_METAS_SUPERVISORES\Acom_Cobranca_Supervisores.xlsm;!ATUALIZAR_TUDO;GARVIS;11:15:34
U:\Verdecard\MIS\004_COMERCIAL\001_RELATORIOS\D_ACOMP_CAMPANHA_EP_PROD_COB\ACOMP_CAMPANHA_EP_PRODCOB.xlsm;!ATUALIZAR_TUDO;CARGAS;10:49:33
U:\Verdecard\MIS\004_COMERCIAL\001_RELATORIOS\D_ACOMP_TELEFONIA\Acompanhamento_Telefonia.xlsm;!ATUALIZAR_TUDO;GARVIS;05:03:05
U:\Verdecard\MIS\004_COMERCIAL\001_RELATORIOS\D_DESCONTOS\DESCONTOS.xlsm;!ATUALIZAR_TUDO;GARVIS;12:05:42
U:\Verdecard\MIS\004_COMERCIAL\001_RELATORIOS\D_INDIQUE_GANHE\INDIQUE_GANHE.xlsb;!ATUALIZAR_TUDO;CARGAS;18:03:49
U:\Verdecard\MIS\004_COMERCIAL\001_RELATORIOS\D_PRODUCAO_ECOMMERCE\PRODUCAO_E_COMMERCE.xlsb;!ATUALIZAR_TUDO;JARVIS;17:48:33
U:\Verdecard\MIS\004_COMERCIAL\001_RELATORIOS\D_RETORNO_APP_EP\RETORNO_APP_ECOMMERCE_EP_ACUMULADA.xlsb;!ATUALIZAR_TUDO;JARVIS;11:05:14
U:\Verdecard\MIS\004_COMERCIAL\001_RELATORIOS\D_VENDAS_MULTICRED\VENDAS_MULTICRED.xlsm;!ATUALIZAR_TUDO;CARGAS;09:33:10
U:\Verdecard\MIS\004_COMERCIAL\001_RELATORIOS\D_VENDAS_WHATSAPP\VENDAS_WHATSAPP.xlsm;!ATUALIZAR_TUDO;CARGAS;15:17:04
U:\Verdecard\MIS\004_COMERCIAL\001_RELATORIOS\M_VMAIS_CONSELHO\VMAIS_CONSELHO.xlsm;!ATUALIZAR_TUDO;CARGAS;18:05:14
U:\Verdecard\MIS\005_COBRANCA\001_RELATORIOS\D_ACOMPANHAMENTO_CARTEIRA\001_SYNTAX\000_GERA_CI_PDD.xlsm;!ATUALIZAR_PDD;CARGAS;07:40:47
U:\Verdecard\MIS\005_COBRANCA\001_RELATORIOS\D_ACOMPANHAMENTO_CARTEIRA\001_SYNTAX\000_GERA_CI_PDD.xlsm;!GERAR_BASES;CARGAS;06:13:22
U:\Verdecard\MIS\005_COBRANCA\001_RELATORIOS\D_ACOMPANHAMENTO_CARTEIRA\001_SYNTAX\000_GERA_CI_PDD.xlsm;!PUBLICAR_ACOMP_CARTEIRA;CARGAS;07:48:14
U:\Verdecard\MIS\005_COBRANCA\001_RELATORIOS\D_ACOMPANHAMENTO_PIX\ACOMPAMENTO_PIX.xlsm;!ATUALIZAR_TUDO;CARGAS;23:00:59
U:\Verdecard\MIS\005_COBRANCA\001_RELATORIOS\D_ACOMPANHAMENTO_PIX\ACOMPANHAMENTO_PIX.xlsm;!ATUALIZAR_TUDO;CARGAS;23:01:24
U:\Verdecard\MIS\005_COBRANCA\001_RELATORIOS\D_PARCELAMENTOS_CALL_CENTER\PARCELAMENTO_CALL_CENTER.xlsm;!ATUALIZAR_TUDO;CARGAS;13:57:22
U:\Verdecard\MIS\005_COBRANCA\001_RELATORIOS\D_RECEBIMENTO_FATURA\ACOMP_RECEBIMENTO_LOJAS.xlsm;!ATUALIZAR_TUDO;CARGAS;18:03:59
U:\Verdecard\MIS\005_COBRANCA\001_RELATORIOS\D_RECEBIMENTO_FATURA\ACOMP_RECEBIMENTO_LOJAS.xlsm;!TRATAR_DADOS;CARGAS;23:33:18
U:\Verdecard\MIS\005_COBRANCA\001_RELATORIOS\D_RECUPERACAO_OPERADORES_FASE_2\RECUPERACAO_FASE_2.xlsm;!ATUALIZAR_TUDO;CARGAS;04:49:36
U:\Verdecard\MIS\005_COBRANCA\001_RELATORIOS\D_SMS_PF_REPIQUE\D_SMS_PF_REPIQUE.xlsb;!ATUALIZAR_TUDO;CARGAS;04:13:48
U:\Verdecard\MIS\006_ADMINISTRACAO\001_RELATORIOS\D_ACOMPANHAMENTO_FASE_3\ACOMPANHAMENTO_FASE_3.xlsm;!ATUALIZAR_TUDO;GARVIS;08:09:41
U:\Verdecard\MIS\006_ADMINISTRACAO\001_RELATORIOS\D_ACOMP_PROJ_DIGITAL\ACOMP_PROJ_PHYGITAL.xlsm;!ATUALIZAR_TUDO;CARGAS;03:14:37
U:\Verdecard\MIS\006_ADMINISTRACAO\001_RELATORIOS\D_ATENDIMENTO_VOLL_HELPEDESK\ATENDIMENTO_HELPDESK.xlsb;!ATUALIZAR_TUDO;CARGAS;08:50:33
U:\Verdecard\MIS\006_ADMINISTRACAO\001_RELATORIOS\D_AVALIACAO_ATENDIMENTO\PESQUISA_SATISFACAO_MESA.xlsm;!ATUALIZAR_TUDO;GARVIS;15:33:42
U:\Verdecard\MIS\006_ADMINISTRACAO\001_RELATORIOS\D_AVALIACAO_ATENDIMENTO\PESQUISA_SATISFACAO_SAC.xlsm;!ATUALIZAR_TUDO;GARVIS;15:44:35
U:\Verdecard\MIS\006_ADMINISTRACAO\001_RELATORIOS\D_BOLSAO_DESCONTOS\BOLSAO_DESCONTOS.xlsm;!ATUALIZAR_TUDO;CARGAS;04:18:29
U:\Verdecard\MIS\006_ADMINISTRACAO\001_RELATORIOS\D_CHAMADOS_OPERACOES\CHAMADOS_FIREMAN_OPERACOES.xlsm;!ATUALIZAR_TUDO;CARGAS;03:10:13
U:\Verdecard\MIS\006_ADMINISTRACAO\001_RELATORIOS\D_CHAMADOS_TI_VD\CHAMADOS_TI_VD.xlsm;!ATUALIZAR_TUDO;GARVIS;02:41:54
U:\Verdecard\MIS\006_ADMINISTRACAO\001_RELATORIOS\D_CLIENTE_PJ\CLIENTES_PJ.xlsm;!ATUALIZAR_TUDO;CARGAS;10:42:05
U:\Verdecard\MIS\006_ADMINISTRACAO\001_RELATORIOS\D_CLIQQ_TELEFONES\CLIQQ_PDV_TELEFONES.xlsm;!ATUALIZAR_TUDO;GARVIS;07:36:15
U:\Verdecard\MIS\006_ADMINISTRACAO\001_RELATORIOS\D_CONTAS_CADASTRO_LOJISTA\CONTAS_CADASTRO_LOJISTA.xlsm;!ATUALIZAR_TUDO;CARGAS;10:34:35
U:\Verdecard\MIS\006_ADMINISTRACAO\001_RELATORIOS\D_CONTROLE_DW_MIS\CONTROLE_MIS.xlsb;!ATUALIZAR_TUDO;CARGAS;23:00:59
U:\Verdecard\MIS\006_ADMINISTRACAO\001_RELATORIOS\D_HORAS_CD\HORAS_CD.xlsm;!ATUALIZAR_TUDO;JARVIS;15:55:55
U:\Verdecard\MIS\006_ADMINISTRACAO\001_RELATORIOS\D_IMAGENS_CLIQQ\IMAGENS_CLIQQ_PRE_CADASTRO_GERAL.xlsb;!ATUALIZAR_TUDO;CARGAS;09:57:43
U:\Verdecard\MIS\006_ADMINISTRACAO\001_RELATORIOS\D_LINK_PAG\LINK_PAGAMENTO.xlsb;!ATUALIZAR_TUDO;CARGAS;03:18:13
U:\Verdecard\MIS\006_ADMINISTRACAO\001_RELATORIOS\D_MOTIVO_DE_ATENDIMENTO\MOTIVO_DE_ATENDIMENTO.xlsm;!ATUALIZAR_TUDO;GARVIS;15:22:03
U:\Verdecard\MIS\006_ADMINISTRACAO\001_RELATORIOS\D_PARCELAMENTO_APP\PARCELAMENTO_APP.xlsb;!ATUALIZAR_TUDO;CARGAS;10:46:41
U:\Verdecard\MIS\006_ADMINISTRACAO\001_RELATORIOS\D_PASSAGENS_MESA\PASSAGENS_MESA.xlsm;!ATUALIZAR_TUDO;CARGAS;09:47:05
U:\Verdecard\MIS\006_ADMINISTRACAO\001_RELATORIOS\D_PRODUCAO_ESPECIALISTA\BD_PRODUCAO_ESPECIALISTAS.xlsm;!ATUALIZAR_TUDO;GARVIS;10:07:12
U:\Verdecard\MIS\006_ADMINISTRACAO\001_RELATORIOS\D_PRODUTIVIDADE_ATENDIMENTO\PRODUTIVIDADE_ATENDIMENTO.xlsm;!ATUALIZAR_TUDO;JARVIS;15:52:14
U:\Verdecard\MIS\006_ADMINISTRACAO\001_RELATORIOS\D_PRODUTIVIDADE_POR_OPERADOR\GERAR_BASES_ATENDIMENTO_MESA.xlsm;!ATUALIZAR_TUDO;JARVIS;14:15:19
U:\Verdecard\MIS\006_ADMINISTRACAO\001_RELATORIOS\D_PROJETO_GAZIN\PROJETO_GAZIN.xlsm;!ATUALIZAR_TUDO;GARVIS;00:58:13
U:\Verdecard\MIS\006_ADMINISTRACAO\001_RELATORIOS\D_RETORNOS_SMS_CADASTRO\RETORNOS_SMS_CADASTRO.xlsm;!ATUALIZAR_TUDO;JARVIS;13:12:12
U:\Verdecard\MIS\006_ADMINISTRACAO\001_RELATORIOS\D_VAGAS_ORCADO_REAL\VAGAS_ORCADO_REAL.xlsm;!ATUALIZAR_TUDO;GARVIS;14:04:31
U:\Verdecard\MIS\006_ADMINISTRACAO\001_RELATORIOS\M_ACOMP_PROD_LB_OPERACOES\BD_ACOMP_PROD_LB_OPERACOES.xlsm;!ATUALIZAR_TUDO;GARVIS;03:38:12
U:\Verdecard\MIS\006_ADMINISTRACAO\001_RELATORIOS\M_BOOK_VENDEDORES\Book_Vendedores.xlsm;!ENVIO_EMAILS;CARGAS;19:21:32
U:\Verdecard\MIS\006_ADMINISTRACAO\001_RELATORIOS\M_BOOK_VENDEDORES\Book_Vendedores.xlsm;!ENVIO_EMAIL_INDIVIDUAL;CARGAS;11:53:55
U:\Verdecard\MIS\006_ADMINISTRACAO\001_RELATORIOS\M_BOOK_VENDEDORES\Book_Vendedores.xlsm;!SOLICITAR_BASE_DESPONTES;CARGAS;05:13:32
U:\Verdecard\MIS\006_ADMINISTRACAO\001_RELATORIOS\M_EXPANSAO_LOJAS\BASE_EXPANSAO_LOJAS.xlsb;!ATUALIZAR_TUDO;JARVIS;00:09:30
U:\Verdecard\MIS\006_ADMINISTRACAO\001_RELATORIOS\M_INDICADOR_COMITE\M_PRODUTIVIDADE_ATENDIMENTO.xlsb;!ATUALIZAR_TUDO;GARVIS;18:26:15
U:\Verdecard\MIS\006_ADMINISTRACAO\001_RELATORIOS\M_INFO_PLUVIOMETRICAS\INFO_PLUVIOMETRICAS.xlsb;!ATUALIZAR_TUDO;CARGAS;00:05:45
U:\Verdecard\MIS\006_ADMINISTRACAO\001_RELATORIOS\M_LUCRO_VENDEDOR\M_LUCRO_VENDEDOR.xlsb;!ATUALIZAR_TUDO;CARGAS;07:48:22
U:\Verdecard\MIS\006_ADMINISTRACAO\001_RELATORIOS\M_MONITORAMENTO_FAT_AUDIT\MONITORAMENTO_FAT_AUDIT.xlsm;!ATUALIZAR_TUDO;GARVIS;08:02:19
U:\Verdecard\MIS\006_ADMINISTRACAO\001_RELATORIOS\M_VENDAS_COMITE\MAILING_AVULSO.xlsb;!ATUALIZAR_TUDO;JARVIS;17:54:14
U:\Verdecard\MIS\006_ADMINISTRACAO\001_RELATORIOS\S_ACOMPANHAMENTO_FASE_2\ACOMPANHAMENTO_FASE_2.xlsm;!ATUALIZAR_TUDO;GARVIS;05:55:17
U:\Verdecard\MIS\006_ADMINISTRACAO\001_RELATORIOS\S_DOSSIE_ALTERACAO_LIMITE\DOSSIE_ALTERACAO_LIMITE.xlsm;!ATUALIZAR_TUDO;GARVIS;08:49:18
U:\Verdecard\MIS\006_ADMINISTRACAO\001_RELATORIOS\S_FIDELIDADE_CONSTRUCAO\FIDELIDADE_CONSTRUCAO.xlsb;!ATUALIZAR_TUDO;JARVIS;07:36:05
U:\Verdecard\MIS\006_ADMINISTRACAO\001_RELATORIOS\S_PAGAMENTOS_FRAUDE\PAGAMENTOS_FRAUDE.xlsm;!ATUALIZAR_TUDO;CARGAS;02:21:48
U:\Verdecard\MIS\006_ADMINISTRACAO\001_RELATORIOS\S_PRODUCAO_ACUM_FORNECEDORES\BASE_PROD_ACUM_FORNECEDORES.xlsm;!ATUALIZAR_TUDO;GARVIS;15:39:20
U:\Verdecard\MIS\006_ADMINISTRACAO\001_RELATORIOS\S_PROJETO_MOVEIS_PLANEJADOS\PROJETO_MOVEIS_PLANEJADOS.xlsm;!ATUALIZAR_TUDO;GARVIS;01:23:24
U:\Verdecard\MIS\006_ADMINISTRACAO\001_RELATORIOS\S_TRADE_LOGISTICA\TRADE_LOGISTICA.xlsm;!ATUALIZAR_TUDO;GARVIS;04:22:47
U:\Verdecard\MIS\006_ADMINISTRACAO\001_RELATORIOS\S_TRADE_PLANEJAMENTO\TRADE_PLANEJAMNTO.xlsm;!ATUALIZAR_TUDO;GARVIS;04:37:36
U:\Verdecard\MIS\006_ADMINISTRACAO\001_RELATORIOS\S_TRADE_SERVICOS\TRADE_SERVI큞S.xlsm;!ATUALIZAR_TUDO;GARVIS;08:02:34
U:\Verdecard\MIS\ANTECIPACAO\ACOMPANHAMENTO_AR\AR_AUTOMATICO.xlsb;!ATUALIZAR_TUDO;CARGAS;00:00:43
